"","Metabolite","MetaboGroup","Subject","value","Condition","Replicate"
"1","Ala","aminoacids","ConditionA_BATCH_1",3.93912709267815,"CTRL","BATCH_1"
"2","Ala","aminoacids","ConditionA_BATCH_2",9.36488783396814,"CTRL","BATCH_2"
"3","Ala","aminoacids","ConditionB_BATCH_1",22.5313973151273,"ConditionB","BATCH_1"
"4","Ala","aminoacids","ConditionB_BATCH_2",0.811110609666011,"ConditionB","BATCH_2"
"5","Ala","aminoacids","ConditionA_BATCH_3",11.407406642757,"CTRL","BATCH_3"
"6","Ala","aminoacids","ConditionB_BATCH_3",30.4083370317063,"ConditionB","BATCH_3"
"7","Arg","aminoacids","ConditionA_BATCH_1",150.963331706121,"CTRL","BATCH_1"
"8","Arg","aminoacids","ConditionA_BATCH_2",312.366949826915,"CTRL","BATCH_2"
"9","Arg","aminoacids","ConditionB_BATCH_1",5.64069748399659,"ConditionB","BATCH_1"
"10","Arg","aminoacids","ConditionB_BATCH_2",260.425923824102,"ConditionB","BATCH_2"
"11","Arg","aminoacids","ConditionA_BATCH_3",0.258213537510869,"CTRL","BATCH_3"
"12","Arg","aminoacids","ConditionB_BATCH_3",126.122456223247,"ConditionB","BATCH_3"
"13","Asn","aminoacids","ConditionA_BATCH_1",72.0538994352312,"CTRL","BATCH_1"
"14","Asn","aminoacids","ConditionA_BATCH_2",28.3055672348218,"CTRL","BATCH_2"
"15","Asn","aminoacids","ConditionB_BATCH_1",0.415945470404021,"ConditionB","BATCH_1"
"16","Asn","aminoacids","ConditionB_BATCH_2",84.8919466561369,"ConditionB","BATCH_2"
"17","Asn","aminoacids","ConditionA_BATCH_3",2.23273523925353,"CTRL","BATCH_3"
"18","Asn","aminoacids","ConditionB_BATCH_3",32.6265449684808,"ConditionB","BATCH_3"
"19","Asp","aminoacids","ConditionA_BATCH_1",26.6519293529245,"CTRL","BATCH_1"
"20","Asp","aminoacids","ConditionA_BATCH_2",6.25306064364492,"CTRL","BATCH_2"
"21","Asp","aminoacids","ConditionB_BATCH_1",4.64112104812587,"ConditionB","BATCH_1"
"22","Asp","aminoacids","ConditionB_BATCH_2",135.787346348953,"ConditionB","BATCH_2"
"23","Asp","aminoacids","ConditionA_BATCH_3",59.649090363775,"CTRL","BATCH_3"
"24","Asp","aminoacids","ConditionB_BATCH_3",1.22859102789042,"ConditionB","BATCH_3"
"25","Cys","aminoacids","ConditionA_BATCH_1",0.300840512903002,"CTRL","BATCH_1"
"26","Cys","aminoacids","ConditionA_BATCH_2",5.73176484282952,"CTRL","BATCH_2"
"27","Cys","aminoacids","ConditionB_BATCH_1",0.64307025484512,"ConditionB","BATCH_1"
"28","Cys","aminoacids","ConditionB_BATCH_2",0.345844402987127,"ConditionB","BATCH_2"
"29","Cys","aminoacids","ConditionA_BATCH_3",348.730915702041,"CTRL","BATCH_3"
"30","Cys","aminoacids","ConditionB_BATCH_3",69.4825280948066,"ConditionB","BATCH_3"
"31","Gln","aminoacids","ConditionA_BATCH_1",14187.2156046077,"CTRL","BATCH_1"
"32","Gln","aminoacids","ConditionA_BATCH_2",213.076046059921,"CTRL","BATCH_2"
"33","Gln","aminoacids","ConditionB_BATCH_1",238.593900790416,"ConditionB","BATCH_1"
"34","Gln","aminoacids","ConditionB_BATCH_2",26396.4814989871,"ConditionB","BATCH_2"
"35","Gln","aminoacids","ConditionA_BATCH_3",2685.26251817266,"CTRL","BATCH_3"
"36","Gln","aminoacids","ConditionB_BATCH_3",26.4110679537506,"ConditionB","BATCH_3"
"37","Glu","aminoacids","ConditionA_BATCH_1",469.361552232938,"CTRL","BATCH_1"
"38","Glu","aminoacids","ConditionA_BATCH_2",31.913321889181,"CTRL","BATCH_2"
"39","Glu","aminoacids","ConditionB_BATCH_1",10870.3249994454,"ConditionB","BATCH_1"
"40","Glu","aminoacids","ConditionB_BATCH_2",2793.21899095723,"ConditionB","BATCH_2"
"41","Glu","aminoacids","ConditionA_BATCH_3",69684.2993312276,"CTRL","BATCH_3"
"42","Glu","aminoacids","ConditionB_BATCH_3",161.715682072526,"ConditionB","BATCH_3"
"43","Gly","aminoacids","ConditionA_BATCH_1",1.07900352355415,"CTRL","BATCH_1"
"44","Gly","aminoacids","ConditionA_BATCH_2",1.59308367361831,"CTRL","BATCH_2"
"45","Gly","aminoacids","ConditionB_BATCH_1",1.26265854177826,"ConditionB","BATCH_1"
"46","Gly","aminoacids","ConditionB_BATCH_2",7.84480787609514,"ConditionB","BATCH_2"
"47","Gly","aminoacids","ConditionA_BATCH_3",29.4267693881762,"CTRL","BATCH_3"
"48","Gly","aminoacids","ConditionB_BATCH_3",56.1902380355049,"ConditionB","BATCH_3"
"49","His","aminoacids","ConditionA_BATCH_1",3.11662608254813,"CTRL","BATCH_1"
"50","His","aminoacids","ConditionA_BATCH_2",16.8974053934778,"CTRL","BATCH_2"
"51","His","aminoacids","ConditionB_BATCH_1",0.523291654466673,"ConditionB","BATCH_1"
"52","His","aminoacids","ConditionB_BATCH_2",0.298057041226995,"ConditionB","BATCH_2"
"53","His","aminoacids","ConditionA_BATCH_3",290.233564016412,"CTRL","BATCH_3"
"54","His","aminoacids","ConditionB_BATCH_3",54.2123712567889,"ConditionB","BATCH_3"
"55","Ile","aminoacids","ConditionA_BATCH_1",8.84358719996295,"CTRL","BATCH_1"
"56","Ile","aminoacids","ConditionA_BATCH_2",0.702606252965627,"CTRL","BATCH_2"
"57","Ile","aminoacids","ConditionB_BATCH_1",0.336793538319817,"ConditionB","BATCH_1"
"58","Ile","aminoacids","ConditionB_BATCH_2",0.316398518878295,"ConditionB","BATCH_2"
"59","Ile","aminoacids","ConditionA_BATCH_3",8.38598219379798,"CTRL","BATCH_3"
"60","Ile","aminoacids","ConditionB_BATCH_3",125.518180194796,"ConditionB","BATCH_3"
"61","Leu","aminoacids","ConditionA_BATCH_1",301.747112248342,"CTRL","BATCH_1"
"62","Leu","aminoacids","ConditionA_BATCH_2",2.09257339747322,"CTRL","BATCH_2"
"63","Leu","aminoacids","ConditionB_BATCH_1",0.262760361817856,"ConditionB","BATCH_1"
"64","Leu","aminoacids","ConditionB_BATCH_2",2.40147278411405,"ConditionB","BATCH_2"
"65","Leu","aminoacids","ConditionA_BATCH_3",25.6794080087637,"CTRL","BATCH_3"
"66","Leu","aminoacids","ConditionB_BATCH_3",0.440242714045454,"ConditionB","BATCH_3"
"67","Lys","aminoacids","ConditionA_BATCH_1",257.520914130523,"CTRL","BATCH_1"
"68","Lys","aminoacids","ConditionA_BATCH_2",7.47419719904419,"CTRL","BATCH_2"
"69","Lys","aminoacids","ConditionB_BATCH_1",1.8202587443569,"ConditionB","BATCH_1"
"70","Lys","aminoacids","ConditionB_BATCH_2",0.496187578577009,"ConditionB","BATCH_2"
"71","Lys","aminoacids","ConditionA_BATCH_3",3.37047406749238,"CTRL","BATCH_3"
"72","Lys","aminoacids","ConditionB_BATCH_3",76.722801007913,"ConditionB","BATCH_3"
"73","Met","aminoacids","ConditionA_BATCH_1",109.638378137512,"CTRL","BATCH_1"
"74","Met","aminoacids","ConditionA_BATCH_2",20.7380668723892,"CTRL","BATCH_2"
"75","Met","aminoacids","ConditionB_BATCH_1",687.4248000871,"ConditionB","BATCH_1"
"76","Met","aminoacids","ConditionB_BATCH_2",12.2679448548197,"ConditionB","BATCH_2"
"77","Met","aminoacids","ConditionA_BATCH_3",207.5326304123,"CTRL","BATCH_3"
"78","Met","aminoacids","ConditionB_BATCH_3",1.37707593662216,"ConditionB","BATCH_3"
"79","Phe","aminoacids","ConditionA_BATCH_1",1.8719087796553,"CTRL","BATCH_1"
"80","Phe","aminoacids","ConditionA_BATCH_2",31.5034359866011,"CTRL","BATCH_2"
"81","Phe","aminoacids","ConditionB_BATCH_1",58.6797498455298,"ConditionB","BATCH_1"
"82","Phe","aminoacids","ConditionB_BATCH_2",378.961282307568,"ConditionB","BATCH_2"
"83","Phe","aminoacids","ConditionA_BATCH_3",0.605412854114715,"CTRL","BATCH_3"
"84","Phe","aminoacids","ConditionB_BATCH_3",0.253773758293511,"ConditionB","BATCH_3"
"85","Pro","aminoacids","ConditionA_BATCH_1",174.405203176132,"CTRL","BATCH_1"
"86","Pro","aminoacids","ConditionA_BATCH_2",235.543988827415,"CTRL","BATCH_2"
"87","Pro","aminoacids","ConditionB_BATCH_1",2.71429101662896,"ConditionB","BATCH_1"
"88","Pro","aminoacids","ConditionB_BATCH_2",2.13729127940066,"ConditionB","BATCH_2"
"89","Pro","aminoacids","ConditionA_BATCH_3",56.37107304027,"CTRL","BATCH_3"
"90","Pro","aminoacids","ConditionB_BATCH_3",1.97951258403685,"ConditionB","BATCH_3"
"91","Ser","aminoacids","ConditionA_BATCH_1",2.64556221906406,"CTRL","BATCH_1"
"92","Ser","aminoacids","ConditionA_BATCH_2",277.428534921905,"CTRL","BATCH_2"
"93","Ser","aminoacids","ConditionB_BATCH_1",1.42311062613456,"ConditionB","BATCH_1"
"94","Ser","aminoacids","ConditionB_BATCH_2",22.9365435228641,"ConditionB","BATCH_2"
"95","Ser","aminoacids","ConditionA_BATCH_3",1.12816219457258,"CTRL","BATCH_3"
"96","Ser","aminoacids","ConditionB_BATCH_3",12.8482931444143,"ConditionB","BATCH_3"
"97","Thr","aminoacids","ConditionA_BATCH_1",6.19141175938893,"CTRL","BATCH_1"
"98","Thr","aminoacids","ConditionA_BATCH_2",0.499555338766048,"CTRL","BATCH_2"
"99","Thr","aminoacids","ConditionB_BATCH_1",15.5933919925447,"ConditionB","BATCH_1"
"100","Thr","aminoacids","ConditionB_BATCH_2",0.363602204733202,"ConditionB","BATCH_2"
"101","Thr","aminoacids","ConditionA_BATCH_3",135.143804084609,"CTRL","BATCH_3"
"102","Thr","aminoacids","ConditionB_BATCH_3",1.02219681606421,"ConditionB","BATCH_3"
"103","Trp","aminoacids","ConditionA_BATCH_1",139.470184489216,"CTRL","BATCH_1"
"104","Trp","aminoacids","ConditionA_BATCH_2",60.013559858567,"CTRL","BATCH_2"
"105","Trp","aminoacids","ConditionB_BATCH_1",248.75608871666,"ConditionB","BATCH_1"
"106","Trp","aminoacids","ConditionB_BATCH_2",6.18855954237101,"ConditionB","BATCH_2"
"107","Trp","aminoacids","ConditionA_BATCH_3",305.77944018006,"CTRL","BATCH_3"
"108","Trp","aminoacids","ConditionB_BATCH_3",10.270321980678,"ConditionB","BATCH_3"
"109","Tyr","aminoacids","ConditionA_BATCH_1",37.0201776105338,"CTRL","BATCH_1"
"110","Tyr","aminoacids","ConditionA_BATCH_2",222.222822268486,"CTRL","BATCH_2"
"111","Tyr","aminoacids","ConditionB_BATCH_1",0.487447740350492,"ConditionB","BATCH_1"
"112","Tyr","aminoacids","ConditionB_BATCH_2",33.038433708136,"ConditionB","BATCH_2"
"113","Tyr","aminoacids","ConditionA_BATCH_3",1.2985174785766,"CTRL","BATCH_3"
"114","Tyr","aminoacids","ConditionB_BATCH_3",20.9429994719665,"ConditionB","BATCH_3"
"115","Val","aminoacids","ConditionA_BATCH_1",12.6876765026023,"CTRL","BATCH_1"
"116","Val","aminoacids","ConditionA_BATCH_2",408.046579077652,"CTRL","BATCH_2"
"117","Val","aminoacids","ConditionB_BATCH_1",5.82581158880142,"ConditionB","BATCH_1"
"118","Val","aminoacids","ConditionB_BATCH_2",54.1897102983313,"ConditionB","BATCH_2"
"119","Val","aminoacids","ConditionA_BATCH_3",1.98905115920468,"CTRL","BATCH_3"
"120","Val","aminoacids","ConditionB_BATCH_3",0.696925183167876,"ConditionB","BATCH_3"
"121","CA","bile acids","ConditionA_BATCH_1",3.00698677613864,"CTRL","BATCH_1"
"122","CA","bile acids","ConditionA_BATCH_2",10.9583080307501,"CTRL","BATCH_2"
"123","CA","bile acids","ConditionB_BATCH_1",59.2995487648991,"ConditionB","BATCH_1"
"124","CA","bile acids","ConditionB_BATCH_2",0.335851876033475,"ConditionB","BATCH_2"
"125","CA","bile acids","ConditionA_BATCH_3",0.793867503861509,"CTRL","BATCH_3"
"126","CA","bile acids","ConditionB_BATCH_3",472.047893149956,"ConditionB","BATCH_3"
"127","CDCA","bile acids","ConditionA_BATCH_1",0.487498635372005,"CTRL","BATCH_1"
"128","CDCA","bile acids","ConditionA_BATCH_2",0.33972361496316,"CTRL","BATCH_2"
"129","CDCA","bile acids","ConditionB_BATCH_1",652.950390830699,"ConditionB","BATCH_1"
"130","CDCA","bile acids","ConditionB_BATCH_2",3.45137107841756,"ConditionB","BATCH_2"
"131","CDCA","bile acids","ConditionA_BATCH_3",1.61314075197946,"CTRL","BATCH_3"
"132","CDCA","bile acids","ConditionB_BATCH_3",213.195396725789,"ConditionB","BATCH_3"
"133","DCA","bile acids","ConditionA_BATCH_1",4.87106468383312,"CTRL","BATCH_1"
"134","DCA","bile acids","ConditionA_BATCH_2",0.650975498327664,"CTRL","BATCH_2"
"135","DCA","bile acids","ConditionB_BATCH_1",71.5806056420549,"ConditionB","BATCH_1"
"136","DCA","bile acids","ConditionB_BATCH_2",0.603420253049599,"ConditionB","BATCH_2"
"137","DCA","bile acids","ConditionA_BATCH_3",59.3694664440807,"CTRL","BATCH_3"
"138","DCA","bile acids","ConditionB_BATCH_3",559.53892891083,"ConditionB","BATCH_3"
"139","GCA","bile acids","ConditionA_BATCH_1",13.8348372229434,"CTRL","BATCH_1"
"140","GCA","bile acids","ConditionA_BATCH_2",2.23890958780459,"CTRL","BATCH_2"
"141","GCA","bile acids","ConditionB_BATCH_1",58.80461229391,"ConditionB","BATCH_1"
"142","GCA","bile acids","ConditionB_BATCH_2",35.2931041850473,"ConditionB","BATCH_2"
"143","GCA","bile acids","ConditionA_BATCH_3",4.15231026335999,"CTRL","BATCH_3"
"144","GCA","bile acids","ConditionB_BATCH_3",5.06137061675758,"ConditionB","BATCH_3"
"145","GCDCA","bile acids","ConditionA_BATCH_1",604.438869845902,"CTRL","BATCH_1"
"146","GCDCA","bile acids","ConditionA_BATCH_2",0.367684796426226,"CTRL","BATCH_2"
"147","GCDCA","bile acids","ConditionB_BATCH_1",237.76958469418,"ConditionB","BATCH_1"
"148","GCDCA","bile acids","ConditionB_BATCH_2",9.73726567438568,"ConditionB","BATCH_2"
"149","GCDCA","bile acids","ConditionA_BATCH_3",0.664182203914794,"CTRL","BATCH_3"
"150","GCDCA","bile acids","ConditionB_BATCH_3",50.8323372461054,"ConditionB","BATCH_3"
"151","GDCA","bile acids","ConditionA_BATCH_1",86.3932881163032,"CTRL","BATCH_1"
"152","GDCA","bile acids","ConditionA_BATCH_2",346.935238832787,"CTRL","BATCH_2"
"153","GDCA","bile acids","ConditionB_BATCH_1",546.551094854146,"ConditionB","BATCH_1"
"154","GDCA","bile acids","ConditionB_BATCH_2",22.7531965047285,"ConditionB","BATCH_2"
"155","GDCA","bile acids","ConditionA_BATCH_3",85.9684216617384,"CTRL","BATCH_3"
"156","GDCA","bile acids","ConditionB_BATCH_3",87.1232015261519,"ConditionB","BATCH_3"
"157","GLCA","bile acids","ConditionA_BATCH_1",38.8778284552182,"CTRL","BATCH_1"
"158","GLCA","bile acids","ConditionA_BATCH_2",500.668215425593,"CTRL","BATCH_2"
"159","GLCA","bile acids","ConditionB_BATCH_1",0.329155515709199,"ConditionB","BATCH_1"
"160","GLCA","bile acids","ConditionB_BATCH_2",431.84241123748,"ConditionB","BATCH_2"
"161","GLCA","bile acids","ConditionA_BATCH_3",274.917535631391,"CTRL","BATCH_3"
"162","GLCA","bile acids","ConditionB_BATCH_3",0.666751366937224,"ConditionB","BATCH_3"
"163","GLCAS","bile acids","ConditionA_BATCH_1",3.0790429348623,"CTRL","BATCH_1"
"164","GLCAS","bile acids","ConditionA_BATCH_2",0.347797449137159,"CTRL","BATCH_2"
"165","GLCAS","bile acids","ConditionB_BATCH_1",79.8563566060053,"ConditionB","BATCH_1"
"166","GLCAS","bile acids","ConditionB_BATCH_2",24.9112466483404,"ConditionB","BATCH_2"
"167","GLCAS","bile acids","ConditionA_BATCH_3",2.02841047268988,"CTRL","BATCH_3"
"168","GLCAS","bile acids","ConditionB_BATCH_3",514.931191560968,"ConditionB","BATCH_3"
"169","GUDCA","bile acids","ConditionA_BATCH_1",681.832987355909,"CTRL","BATCH_1"
"170","GUDCA","bile acids","ConditionA_BATCH_2",362.169301602706,"CTRL","BATCH_2"
"171","GUDCA","bile acids","ConditionB_BATCH_1",1.32574251987005,"ConditionB","BATCH_1"
"172","GUDCA","bile acids","ConditionB_BATCH_2",27.9489503267209,"ConditionB","BATCH_2"
"173","GUDCA","bile acids","ConditionA_BATCH_3",0.280214316410837,"CTRL","BATCH_3"
"174","GUDCA","bile acids","ConditionB_BATCH_3",24.6481101021574,"ConditionB","BATCH_3"
"175","TCA","bile acids","ConditionA_BATCH_1",54.3298868289972,"CTRL","BATCH_1"
"176","TCA","bile acids","ConditionA_BATCH_2",0.719252001324233,"CTRL","BATCH_2"
"177","TCA","bile acids","ConditionB_BATCH_1",598.673295571748,"ConditionB","BATCH_1"
"178","TCA","bile acids","ConditionB_BATCH_2",307.974622448547,"ConditionB","BATCH_2"
"179","TCA","bile acids","ConditionA_BATCH_3",0.297222650452935,"CTRL","BATCH_3"
"180","TCA","bile acids","ConditionB_BATCH_3",13.9436773447793,"ConditionB","BATCH_3"
"181","TCDCA","bile acids","ConditionA_BATCH_1",8.71382895858381,"CTRL","BATCH_1"
"182","TCDCA","bile acids","ConditionA_BATCH_2",25.9179889203975,"CTRL","BATCH_2"
"183","TCDCA","bile acids","ConditionB_BATCH_1",1.73868325082315,"ConditionB","BATCH_1"
"184","TCDCA","bile acids","ConditionB_BATCH_2",16.1304413121596,"ConditionB","BATCH_2"
"185","TCDCA","bile acids","ConditionA_BATCH_3",480.986483404352,"CTRL","BATCH_3"
"186","TCDCA","bile acids","ConditionB_BATCH_3",438.276053251302,"ConditionB","BATCH_3"
"187","TDCA","bile acids","ConditionA_BATCH_1",1.79718673082138,"CTRL","BATCH_1"
"188","TDCA","bile acids","ConditionA_BATCH_2",62.5580876980189,"CTRL","BATCH_2"
"189","TDCA","bile acids","ConditionB_BATCH_1",16.5412094352537,"ConditionB","BATCH_1"
"190","TDCA","bile acids","ConditionB_BATCH_2",717.292293359158,"ConditionB","BATCH_2"
"191","TDCA","bile acids","ConditionA_BATCH_3",19.2833128539429,"CTRL","BATCH_3"
"192","TDCA","bile acids","ConditionB_BATCH_3",1.17437812039883,"ConditionB","BATCH_3"
"193","TLCA","bile acids","ConditionA_BATCH_1",305.355556901995,"CTRL","BATCH_1"
"194","TLCA","bile acids","ConditionA_BATCH_2",0.780963715995766,"CTRL","BATCH_2"
"195","TLCA","bile acids","ConditionB_BATCH_1",31.7838455164495,"ConditionB","BATCH_1"
"196","TLCA","bile acids","ConditionB_BATCH_2",7.79535928359155,"ConditionB","BATCH_2"
"197","TLCA","bile acids","ConditionA_BATCH_3",45.3010656364876,"CTRL","BATCH_3"
"198","TLCA","bile acids","ConditionB_BATCH_3",301.597735977188,"ConditionB","BATCH_3"
"199","TMCA","bile acids","ConditionA_BATCH_1",8.33683529118746,"CTRL","BATCH_1"
"200","TMCA","bile acids","ConditionA_BATCH_2",0.503500793008297,"CTRL","BATCH_2"
"201","TMCA","bile acids","ConditionB_BATCH_1",50.8347351846647,"ConditionB","BATCH_1"
"202","TMCA","bile acids","ConditionB_BATCH_2",8.18885029677571,"ConditionB","BATCH_2"
"203","TMCA","bile acids","ConditionA_BATCH_3",20.7349837827088,"CTRL","BATCH_3"
"204","TMCA","bile acids","ConditionB_BATCH_3",121.579265339674,"ConditionB","BATCH_3"
"205","beta-Ala","biogenic amines","ConditionA_BATCH_1",0.395036673581494,"CTRL","BATCH_1"
"206","beta-Ala","biogenic amines","ConditionA_BATCH_2",94.9657632706267,"CTRL","BATCH_2"
"207","beta-Ala","biogenic amines","ConditionB_BATCH_1",1.01464578885355,"ConditionB","BATCH_1"
"208","beta-Ala","biogenic amines","ConditionB_BATCH_2",27.48811691712,"ConditionB","BATCH_2"
"209","beta-Ala","biogenic amines","ConditionA_BATCH_3",442.905151749529,"CTRL","BATCH_3"
"210","beta-Ala","biogenic amines","ConditionB_BATCH_3",6.8854542022416,"ConditionB","BATCH_3"
"211","Dopamine","biogenic amines","ConditionA_BATCH_1",15.869267652446,"CTRL","BATCH_1"
"212","Dopamine","biogenic amines","ConditionA_BATCH_2",12.4268620097274,"CTRL","BATCH_2"
"213","Dopamine","biogenic amines","ConditionB_BATCH_1",4.16390948350445,"ConditionB","BATCH_1"
"214","Dopamine","biogenic amines","ConditionB_BATCH_2",2.07402427306893,"ConditionB","BATCH_2"
"215","Dopamine","biogenic amines","ConditionA_BATCH_3",57.0513390046917,"CTRL","BATCH_3"
"216","Dopamine","biogenic amines","ConditionB_BATCH_3",632.160001512187,"ConditionB","BATCH_3"
"217","GABA","biogenic amines","ConditionA_BATCH_1",24015.7781857652,"CTRL","BATCH_1"
"218","GABA","biogenic amines","ConditionA_BATCH_2",138.371230302758,"CTRL","BATCH_2"
"219","GABA","biogenic amines","ConditionB_BATCH_1",6267.04811239015,"ConditionB","BATCH_1"
"220","GABA","biogenic amines","ConditionB_BATCH_2",4254.4595011804,"ConditionB","BATCH_2"
"221","GABA","biogenic amines","ConditionA_BATCH_3",468.631573615736,"CTRL","BATCH_3"
"222","GABA","biogenic amines","ConditionB_BATCH_3",824.755434538743,"ConditionB","BATCH_3"
"223","Histamine","biogenic amines","ConditionA_BATCH_1",190.098873972632,"CTRL","BATCH_1"
"224","Histamine","biogenic amines","ConditionA_BATCH_2",0.462883050816778,"CTRL","BATCH_2"
"225","Histamine","biogenic amines","ConditionB_BATCH_1",51.2465316027392,"ConditionB","BATCH_1"
"226","Histamine","biogenic amines","ConditionB_BATCH_2",12.5660602932225,"ConditionB","BATCH_2"
"227","Histamine","biogenic amines","ConditionA_BATCH_3",0.277434374290308,"CTRL","BATCH_3"
"228","Histamine","biogenic amines","ConditionB_BATCH_3",659.399665742257,"ConditionB","BATCH_3"
"229","PEA","biogenic amines","ConditionA_BATCH_1",13.1897917013982,"CTRL","BATCH_1"
"230","PEA","biogenic amines","ConditionA_BATCH_2",211.314986635414,"CTRL","BATCH_2"
"231","PEA","biogenic amines","ConditionB_BATCH_1",76.5856140454464,"ConditionB","BATCH_1"
"232","PEA","biogenic amines","ConditionB_BATCH_2",432.751447253368,"ConditionB","BATCH_2"
"233","PEA","biogenic amines","ConditionA_BATCH_3",0.530861346697836,"CTRL","BATCH_3"
"234","PEA","biogenic amines","ConditionB_BATCH_3",1.43429535612754,"ConditionB","BATCH_3"
"235","Putrescine","biogenic amines","ConditionA_BATCH_1",13.746027853046,"CTRL","BATCH_1"
"236","Putrescine","biogenic amines","ConditionA_BATCH_2",11.8824071224497,"CTRL","BATCH_2"
"237","Putrescine","biogenic amines","ConditionB_BATCH_1",637.83981676835,"ConditionB","BATCH_1"
"238","Putrescine","biogenic amines","ConditionB_BATCH_2",5.93489086964822,"ConditionB","BATCH_2"
"239","Putrescine","biogenic amines","ConditionA_BATCH_3",2.32719859976441,"CTRL","BATCH_3"
"240","Putrescine","biogenic amines","ConditionB_BATCH_3",2.37241825013954,"ConditionB","BATCH_3"
"241","Serotonin","biogenic amines","ConditionA_BATCH_1",98.4929642568445,"CTRL","BATCH_1"
"242","Serotonin","biogenic amines","ConditionA_BATCH_2",341.426561100162,"CTRL","BATCH_2"
"243","Serotonin","biogenic amines","ConditionB_BATCH_1",22.0766570926902,"ConditionB","BATCH_1"
"244","Serotonin","biogenic amines","ConditionB_BATCH_2",53.968961369661,"ConditionB","BATCH_2"
"245","Serotonin","biogenic amines","ConditionA_BATCH_3",1.80352021556797,"CTRL","BATCH_3"
"246","Serotonin","biogenic amines","ConditionB_BATCH_3",48.5161485668301,"ConditionB","BATCH_3"
"247","Spermidine","biogenic amines","ConditionA_BATCH_1",1.58014449458189,"CTRL","BATCH_1"
"248","Spermidine","biogenic amines","ConditionA_BATCH_2",4.54708542456617,"CTRL","BATCH_2"
"249","Spermidine","biogenic amines","ConditionB_BATCH_1",7.70257208390956,"ConditionB","BATCH_1"
"250","Spermidine","biogenic amines","ConditionB_BATCH_2",659.306939675359,"ConditionB","BATCH_2"
"251","Spermidine","biogenic amines","ConditionA_BATCH_3",0.632056145626269,"CTRL","BATCH_3"
"252","Spermidine","biogenic amines","ConditionB_BATCH_3",4.77648032439529,"ConditionB","BATCH_3"
"253","Spermine","biogenic amines","ConditionA_BATCH_1",0.580819506830002,"CTRL","BATCH_1"
"254","Spermine","biogenic amines","ConditionA_BATCH_2",7.45488973856501,"CTRL","BATCH_2"
"255","Spermine","biogenic amines","ConditionB_BATCH_1",0.889349207541937,"ConditionB","BATCH_1"
"256","Spermine","biogenic amines","ConditionB_BATCH_2",0.261215732143212,"ConditionB","BATCH_2"
"257","Spermine","biogenic amines","ConditionA_BATCH_3",64.6883249739452,"CTRL","BATCH_3"
"258","Spermine","biogenic amines","ConditionB_BATCH_3",0.469337495192684,"ConditionB","BATCH_3"
"259","AA","fatty acids","ConditionA_BATCH_1",24.6362814067833,"CTRL","BATCH_1"
"260","AA","fatty acids","ConditionA_BATCH_2",196.277902945017,"CTRL","BATCH_2"
"261","AA","fatty acids","ConditionB_BATCH_1",101.926390196189,"ConditionB","BATCH_1"
"262","AA","fatty acids","ConditionB_BATCH_2",67.2721653634106,"ConditionB","BATCH_2"
"263","AA","fatty acids","ConditionA_BATCH_3",27.0779655052641,"CTRL","BATCH_3"
"264","AA","fatty acids","ConditionB_BATCH_3",13.9524843608024,"ConditionB","BATCH_3"
"265","DHA","fatty acids","ConditionA_BATCH_1",30.7802191151387,"CTRL","BATCH_1"
"266","DHA","fatty acids","ConditionA_BATCH_2",5.24878045526274,"CTRL","BATCH_2"
"267","DHA","fatty acids","ConditionB_BATCH_1",0.279067557480045,"ConditionB","BATCH_1"
"268","DHA","fatty acids","ConditionB_BATCH_2",428.867588515664,"ConditionB","BATCH_2"
"269","DHA","fatty acids","ConditionA_BATCH_3",1.57770793229092,"CTRL","BATCH_3"
"270","DHA","fatty acids","ConditionB_BATCH_3",0.452955924749693,"ConditionB","BATCH_3"
"271","EPA","fatty acids","ConditionA_BATCH_1",50.8999524093999,"CTRL","BATCH_1"
"272","EPA","fatty acids","ConditionA_BATCH_2",115.69065282886,"CTRL","BATCH_2"
"273","EPA","fatty acids","ConditionB_BATCH_1",406.193981481711,"ConditionB","BATCH_1"
"274","EPA","fatty acids","ConditionB_BATCH_2",0.563340939656954,"ConditionB","BATCH_2"
"275","EPA","fatty acids","ConditionA_BATCH_3",5.95975474297625,"CTRL","BATCH_3"
"276","EPA","fatty acids","ConditionB_BATCH_3",129.226616363402,"ConditionB","BATCH_3"
"277","FA(12:0)","fatty acids","ConditionA_BATCH_1",0.568618216864348,"CTRL","BATCH_1"
"278","FA(12:0)","fatty acids","ConditionA_BATCH_2",0.802359271027538,"CTRL","BATCH_2"
"279","FA(12:0)","fatty acids","ConditionB_BATCH_1",4.01074964458708,"ConditionB","BATCH_1"
"280","FA(12:0)","fatty acids","ConditionB_BATCH_2",6.97639937799581,"ConditionB","BATCH_2"
"281","FA(12:0)","fatty acids","ConditionA_BATCH_3",169.515389301438,"CTRL","BATCH_3"
"282","FA(12:0)","fatty acids","ConditionB_BATCH_3",4.60708515909498,"ConditionB","BATCH_3"
"283","FA(14:0)","fatty acids","ConditionA_BATCH_1",35.1791997597828,"CTRL","BATCH_1"
"284","FA(14:0)","fatty acids","ConditionA_BATCH_2",58.9958682299529,"CTRL","BATCH_2"
"285","FA(14:0)","fatty acids","ConditionB_BATCH_1",2.32231133237762,"ConditionB","BATCH_1"
"286","FA(14:0)","fatty acids","ConditionB_BATCH_2",1.71357430227253,"ConditionB","BATCH_2"
"287","FA(14:0)","fatty acids","ConditionA_BATCH_3",168.392681316758,"CTRL","BATCH_3"
"288","FA(14:0)","fatty acids","ConditionB_BATCH_3",1.23064787946533,"ConditionB","BATCH_3"
"289","FA(16:0)","fatty acids","ConditionA_BATCH_1",7.15498760762015,"CTRL","BATCH_1"
"290","FA(16:0)","fatty acids","ConditionA_BATCH_2",225.878301312355,"CTRL","BATCH_2"
"291","FA(16:0)","fatty acids","ConditionB_BATCH_1",586.625220751641,"ConditionB","BATCH_1"
"292","FA(16:0)","fatty acids","ConditionB_BATCH_2",0.419063102438142,"ConditionB","BATCH_2"
"293","FA(16:0)","fatty acids","ConditionA_BATCH_3",713.043833421027,"CTRL","BATCH_3"
"294","FA(16:0)","fatty acids","ConditionB_BATCH_3",221.045125184379,"ConditionB","BATCH_3"
"295","FA(18:0)","fatty acids","ConditionA_BATCH_1",5.32018508484928,"CTRL","BATCH_1"
"296","FA(18:0)","fatty acids","ConditionA_BATCH_2",0.363200800091552,"CTRL","BATCH_2"
"297","FA(18:0)","fatty acids","ConditionB_BATCH_1",2.51150644813718,"ConditionB","BATCH_1"
"298","FA(18:0)","fatty acids","ConditionB_BATCH_2",52.610085392004,"ConditionB","BATCH_2"
"299","FA(18:0)","fatty acids","ConditionA_BATCH_3",0.608175570908966,"CTRL","BATCH_3"
"300","FA(18:0)","fatty acids","ConditionB_BATCH_3",0.3252171567217,"ConditionB","BATCH_3"
"301","FA(18:1)","fatty acids","ConditionA_BATCH_1",1.03301597302602,"CTRL","BATCH_1"
"302","FA(18:1)","fatty acids","ConditionA_BATCH_2",605.924487541933,"CTRL","BATCH_2"
"303","FA(18:1)","fatty acids","ConditionB_BATCH_1",7.72322658310646,"ConditionB","BATCH_1"
"304","FA(18:1)","fatty acids","ConditionB_BATCH_2",6.65507099172534,"ConditionB","BATCH_2"
"305","FA(18:1)","fatty acids","ConditionA_BATCH_3",717.19309414163,"CTRL","BATCH_3"
"306","FA(18:1)","fatty acids","ConditionB_BATCH_3",226.460928829937,"ConditionB","BATCH_3"
"307","FA(18:2)","fatty acids","ConditionA_BATCH_1",4.77676391052738,"CTRL","BATCH_1"
"308","FA(18:2)","fatty acids","ConditionA_BATCH_2",411.005385020446,"CTRL","BATCH_2"
"309","FA(18:2)","fatty acids","ConditionB_BATCH_1",1.65362531557676,"ConditionB","BATCH_1"
"310","FA(18:2)","fatty acids","ConditionB_BATCH_2",3.60048356731083,"ConditionB","BATCH_2"
"311","FA(18:2)","fatty acids","ConditionA_BATCH_3",16.0143293756124,"CTRL","BATCH_3"
"312","FA(18:2)","fatty acids","ConditionB_BATCH_3",33.1978762583708,"ConditionB","BATCH_3"
"313","FA(20:1)","fatty acids","ConditionA_BATCH_1",0.520781331849753,"CTRL","BATCH_1"
"314","FA(20:1)","fatty acids","ConditionA_BATCH_2",11.1142892523149,"CTRL","BATCH_2"
"315","FA(20:1)","fatty acids","ConditionB_BATCH_1",29.8461967542204,"ConditionB","BATCH_1"
"316","FA(20:1)","fatty acids","ConditionB_BATCH_2",1.72127183538041,"ConditionB","BATCH_2"
"317","FA(20:1)","fatty acids","ConditionA_BATCH_3",55.8238694100322,"CTRL","BATCH_3"
"318","FA(20:1)","fatty acids","ConditionB_BATCH_3",182.747895942232,"ConditionB","BATCH_3"
"319","FA(20:2)","fatty acids","ConditionA_BATCH_1",677.780137688709,"CTRL","BATCH_1"
"320","FA(20:2)","fatty acids","ConditionA_BATCH_2",206.36285255513,"CTRL","BATCH_2"
"321","FA(20:2)","fatty acids","ConditionB_BATCH_1",2.97676423430057,"ConditionB","BATCH_1"
"322","FA(20:2)","fatty acids","ConditionB_BATCH_2",5.75646725564553,"ConditionB","BATCH_2"
"323","FA(20:2)","fatty acids","ConditionA_BATCH_3",7.58247372558829,"CTRL","BATCH_3"
"324","FA(20:2)","fatty acids","ConditionB_BATCH_3",476.26414288481,"ConditionB","BATCH_3"
"325","FA(20:3)","fatty acids","ConditionA_BATCH_1",0.518324987471856,"CTRL","BATCH_1"
"326","FA(20:3)","fatty acids","ConditionA_BATCH_2",19.1285946080401,"CTRL","BATCH_2"
"327","FA(20:3)","fatty acids","ConditionB_BATCH_1",178.944563725054,"ConditionB","BATCH_1"
"328","FA(20:3)","fatty acids","ConditionB_BATCH_2",9.50028556794613,"ConditionB","BATCH_2"
"329","FA(20:3)","fatty acids","ConditionA_BATCH_3",378.869513960805,"CTRL","BATCH_3"
"330","FA(20:3)","fatty acids","ConditionB_BATCH_3",0.345825232914554,"ConditionB","BATCH_3"
"331","AconAcid","carboxylic acids","ConditionA_BATCH_1",135.061629582498,"CTRL","BATCH_1"
"332","AconAcid","carboxylic acids","ConditionA_BATCH_2",0.444500137401064,"CTRL","BATCH_2"
"333","AconAcid","carboxylic acids","ConditionB_BATCH_1",6.00966343049311,"ConditionB","BATCH_1"
"334","AconAcid","carboxylic acids","ConditionB_BATCH_2",0.339495815179348,"ConditionB","BATCH_2"
"335","AconAcid","carboxylic acids","ConditionA_BATCH_3",0.510350546904953,"CTRL","BATCH_3"
"336","AconAcid","carboxylic acids","ConditionB_BATCH_3",0.481875936526521,"ConditionB","BATCH_3"
"337","DiCA(12:0)","carboxylic acids","ConditionA_BATCH_1",17.439988822481,"CTRL","BATCH_1"
"338","DiCA(12:0)","carboxylic acids","ConditionA_BATCH_2",512.103924559031,"CTRL","BATCH_2"
"339","DiCA(12:0)","carboxylic acids","ConditionB_BATCH_1",60.9661052375196,"ConditionB","BATCH_1"
"340","DiCA(12:0)","carboxylic acids","ConditionB_BATCH_2",98.1446619114077,"ConditionB","BATCH_2"
"341","DiCA(12:0)","carboxylic acids","ConditionA_BATCH_3",0.903961187960475,"CTRL","BATCH_3"
"342","DiCA(12:0)","carboxylic acids","ConditionB_BATCH_3",0.49948360524701,"ConditionB","BATCH_3"
"343","DiCA(14:0)","carboxylic acids","ConditionA_BATCH_1",2.13788065061082,"CTRL","BATCH_1"
"344","DiCA(14:0)","carboxylic acids","ConditionA_BATCH_2",18.1770078601051,"CTRL","BATCH_2"
"345","DiCA(14:0)","carboxylic acids","ConditionB_BATCH_1",68.2646179816055,"ConditionB","BATCH_1"
"346","DiCA(14:0)","carboxylic acids","ConditionB_BATCH_2",8.46635996575784,"ConditionB","BATCH_2"
"347","DiCA(14:0)","carboxylic acids","ConditionA_BATCH_3",0.774351137092367,"CTRL","BATCH_3"
"348","DiCA(14:0)","carboxylic acids","ConditionB_BATCH_3",11.2488624176069,"ConditionB","BATCH_3"
"349","HipAcid","carboxylic acids","ConditionA_BATCH_1",162.430359062218,"CTRL","BATCH_1"
"350","HipAcid","carboxylic acids","ConditionA_BATCH_2",0.276632990241928,"CTRL","BATCH_2"
"351","HipAcid","carboxylic acids","ConditionB_BATCH_1",0.549234852260399,"ConditionB","BATCH_1"
"352","HipAcid","carboxylic acids","ConditionB_BATCH_2",720.959931653476,"ConditionB","BATCH_2"
"353","HipAcid","carboxylic acids","ConditionA_BATCH_3",4.61566255415044,"CTRL","BATCH_3"
"354","HipAcid","carboxylic acids","ConditionB_BATCH_3",3.21723867392909,"ConditionB","BATCH_3"
"355","Lac","carboxylic acids","ConditionA_BATCH_1",2.49447575796094,"CTRL","BATCH_1"
"356","Lac","carboxylic acids","ConditionA_BATCH_2",10.1314464435118,"CTRL","BATCH_2"
"357","Lac","carboxylic acids","ConditionB_BATCH_1",0.61071446748194,"ConditionB","BATCH_1"
"358","Lac","carboxylic acids","ConditionB_BATCH_2",9.15585610676908,"ConditionB","BATCH_2"
"359","Lac","carboxylic acids","ConditionA_BATCH_3",1.6028811487547,"CTRL","BATCH_3"
"360","Lac","carboxylic acids","ConditionB_BATCH_3",227.191612799541,"ConditionB","BATCH_3"
"361","OH-GlutAcid","carboxylic acids","ConditionA_BATCH_1",8.49502086897883,"CTRL","BATCH_1"
"362","OH-GlutAcid","carboxylic acids","ConditionA_BATCH_2",20.3382130007911,"CTRL","BATCH_2"
"363","OH-GlutAcid","carboxylic acids","ConditionB_BATCH_1",4.34130143263779,"ConditionB","BATCH_1"
"364","OH-GlutAcid","carboxylic acids","ConditionB_BATCH_2",0.436094449359002,"ConditionB","BATCH_2"
"365","OH-GlutAcid","carboxylic acids","ConditionA_BATCH_3",0.436467676511593,"CTRL","BATCH_3"
"366","OH-GlutAcid","carboxylic acids","ConditionB_BATCH_3",602.266701467479,"ConditionB","BATCH_3"
"367","Suc","carboxylic acids","ConditionA_BATCH_1",8.05083447720695,"CTRL","BATCH_1"
"368","Suc","carboxylic acids","ConditionA_BATCH_2",26.7390702471674,"CTRL","BATCH_2"
"369","Suc","carboxylic acids","ConditionB_BATCH_1",0.745008697514851,"ConditionB","BATCH_1"
"370","Suc","carboxylic acids","ConditionB_BATCH_2",218.712746183478,"ConditionB","BATCH_2"
"371","Suc","carboxylic acids","ConditionA_BATCH_3",109.486718503915,"CTRL","BATCH_3"
"372","Suc","carboxylic acids","ConditionB_BATCH_3",121.25458292474,"ConditionB","BATCH_3"
"373","3-IAA","indoles derivatives","ConditionA_BATCH_1",25.8504803014379,"CTRL","BATCH_1"
"374","3-IAA","indoles derivatives","ConditionA_BATCH_2",13.1587660741825,"CTRL","BATCH_2"
"375","3-IAA","indoles derivatives","ConditionB_BATCH_1",31.8893043773521,"ConditionB","BATCH_1"
"376","3-IAA","indoles derivatives","ConditionB_BATCH_2",0.587943862435199,"ConditionB","BATCH_2"
"377","3-IAA","indoles derivatives","ConditionA_BATCH_3",3.71195710330866,"CTRL","BATCH_3"
"378","3-IAA","indoles derivatives","ConditionB_BATCH_3",282.572600089847,"ConditionB","BATCH_3"
"379","3-IPA","indoles derivatives","ConditionA_BATCH_1",0.509872456043735,"CTRL","BATCH_1"
"380","3-IPA","indoles derivatives","ConditionA_BATCH_2",0.28267620899867,"CTRL","BATCH_2"
"381","3-IPA","indoles derivatives","ConditionB_BATCH_1",13.3722495234992,"ConditionB","BATCH_1"
"382","3-IPA","indoles derivatives","ConditionB_BATCH_2",10.6265461121969,"ConditionB","BATCH_2"
"383","3-IPA","indoles derivatives","ConditionA_BATCH_3",18.4113243839023,"CTRL","BATCH_3"
"384","3-IPA","indoles derivatives","ConditionB_BATCH_3",11.3624488293347,"ConditionB","BATCH_3"
"385","Ind-SO4","indoles derivatives","ConditionA_BATCH_1",0.962441021964351,"CTRL","BATCH_1"
"386","Ind-SO4","indoles derivatives","ConditionA_BATCH_2",12.3239048709659,"CTRL","BATCH_2"
"387","Ind-SO4","indoles derivatives","ConditionB_BATCH_1",2.78163252461046,"ConditionB","BATCH_1"
"388","Ind-SO4","indoles derivatives","ConditionB_BATCH_2",236.283011399818,"ConditionB","BATCH_2"
"389","Ind-SO4","indoles derivatives","ConditionA_BATCH_3",337.338249404329,"CTRL","BATCH_3"
"390","Ind-SO4","indoles derivatives","ConditionB_BATCH_3",389.06825980684,"ConditionB","BATCH_3"
"391","Indole","indoles derivatives","ConditionA_BATCH_1",12.3685338563813,"CTRL","BATCH_1"
"392","Indole","indoles derivatives","ConditionA_BATCH_2",430.628895321971,"CTRL","BATCH_2"
"393","Indole","indoles derivatives","ConditionB_BATCH_1",0.968561054939449,"ConditionB","BATCH_1"
"394","Indole","indoles derivatives","ConditionB_BATCH_2",70.1456994321177,"ConditionB","BATCH_2"
"395","Indole","indoles derivatives","ConditionA_BATCH_3",502.743021233407,"CTRL","BATCH_3"
"396","Indole","indoles derivatives","ConditionB_BATCH_3",0.25069209078482,"ConditionB","BATCH_3"
"397","1-Met-His","aminoacids related","ConditionA_BATCH_1",7.20621940472925,"CTRL","BATCH_1"
"398","1-Met-His","aminoacids related","ConditionA_BATCH_2",64.5718936541224,"CTRL","BATCH_2"
"399","1-Met-His","aminoacids related","ConditionB_BATCH_1",1.22167675216412,"ConditionB","BATCH_1"
"400","1-Met-His","aminoacids related","ConditionB_BATCH_2",3.36842198603005,"ConditionB","BATCH_2"
"401","1-Met-His","aminoacids related","ConditionA_BATCH_3",4.72144602760479,"CTRL","BATCH_3"
"402","1-Met-His","aminoacids related","ConditionB_BATCH_3",2.72156534026511,"ConditionB","BATCH_3"
"403","3-Met-His","aminoacids related","ConditionA_BATCH_1",256.51259389305,"CTRL","BATCH_1"
"404","3-Met-His","aminoacids related","ConditionA_BATCH_2",238.468164044883,"CTRL","BATCH_2"
"405","3-Met-His","aminoacids related","ConditionB_BATCH_1",19.2957038153584,"ConditionB","BATCH_1"
"406","3-Met-His","aminoacids related","ConditionB_BATCH_2",1.62816121806082,"ConditionB","BATCH_2"
"407","3-Met-His","aminoacids related","ConditionA_BATCH_3",0.329439088103618,"CTRL","BATCH_3"
"408","3-Met-His","aminoacids related","ConditionB_BATCH_3",7.11137210943455,"ConditionB","BATCH_3"
"409","5-AVA","aminoacids related","ConditionA_BATCH_1",4.36119717125376,"CTRL","BATCH_1"
"410","5-AVA","aminoacids related","ConditionA_BATCH_2",28.7385392520055,"CTRL","BATCH_2"
"411","5-AVA","aminoacids related","ConditionB_BATCH_1",18.3620007531942,"ConditionB","BATCH_1"
"412","5-AVA","aminoacids related","ConditionB_BATCH_2",639.665061515972,"ConditionB","BATCH_2"
"413","5-AVA","aminoacids related","ConditionA_BATCH_3",1.18973963981498,"CTRL","BATCH_3"
"414","5-AVA","aminoacids related","ConditionB_BATCH_3",37.2659392157616,"ConditionB","BATCH_3"
"415","AABA","aminoacids related","ConditionA_BATCH_1",3.25299224388128,"CTRL","BATCH_1"
"416","AABA","aminoacids related","ConditionA_BATCH_2",24.3837768747871,"CTRL","BATCH_2"
"417","AABA","aminoacids related","ConditionB_BATCH_1",7.23322991153303,"ConditionB","BATCH_1"
"418","AABA","aminoacids related","ConditionB_BATCH_2",2.56111863342687,"ConditionB","BATCH_2"
"419","AABA","aminoacids related","ConditionA_BATCH_3",0.397493388277843,"CTRL","BATCH_3"
"420","AABA","aminoacids related","ConditionB_BATCH_3",598.583334305282,"ConditionB","BATCH_3"
"421","Ac-Orn","aminoacids related","ConditionA_BATCH_1",10.5865444045761,"CTRL","BATCH_1"
"422","Ac-Orn","aminoacids related","ConditionA_BATCH_2",19.0707082716801,"CTRL","BATCH_2"
"423","Ac-Orn","aminoacids related","ConditionB_BATCH_1",118.089251914964,"ConditionB","BATCH_1"
"424","Ac-Orn","aminoacids related","ConditionB_BATCH_2",11.841744551041,"ConditionB","BATCH_2"
"425","Ac-Orn","aminoacids related","ConditionA_BATCH_3",1.77913635038932,"CTRL","BATCH_3"
"426","Ac-Orn","aminoacids related","ConditionB_BATCH_3",9.8470797450022,"ConditionB","BATCH_3"
"427","ADMA","aminoacids related","ConditionA_BATCH_1",14.0518821881754,"CTRL","BATCH_1"
"428","ADMA","aminoacids related","ConditionA_BATCH_2",3.02899611395258,"CTRL","BATCH_2"
"429","ADMA","aminoacids related","ConditionB_BATCH_1",109.906111623602,"ConditionB","BATCH_1"
"430","ADMA","aminoacids related","ConditionB_BATCH_2",12.0794088350378,"ConditionB","BATCH_2"
"431","ADMA","aminoacids related","ConditionA_BATCH_3",46.0509992444722,"CTRL","BATCH_3"
"432","ADMA","aminoacids related","ConditionB_BATCH_3",12.5331884287296,"ConditionB","BATCH_3"
"433","alpha-AAA","aminoacids related","ConditionA_BATCH_1",0.268519135840297,"CTRL","BATCH_1"
"434","alpha-AAA","aminoacids related","ConditionA_BATCH_2",0.261718029673251,"CTRL","BATCH_2"
"435","alpha-AAA","aminoacids related","ConditionB_BATCH_1",136.659497072009,"ConditionB","BATCH_1"
"436","alpha-AAA","aminoacids related","ConditionB_BATCH_2",83.577504307641,"ConditionB","BATCH_2"
"437","alpha-AAA","aminoacids related","ConditionA_BATCH_3",578.225261090706,"CTRL","BATCH_3"
"438","alpha-AAA","aminoacids related","ConditionB_BATCH_3",343.271526340637,"ConditionB","BATCH_3"
"439","Anserine","aminoacids related","ConditionA_BATCH_1",71.2278005516642,"CTRL","BATCH_1"
"440","Anserine","aminoacids related","ConditionA_BATCH_2",214.011548303601,"CTRL","BATCH_2"
"441","Anserine","aminoacids related","ConditionB_BATCH_1",244.750591287541,"ConditionB","BATCH_1"
"442","Anserine","aminoacids related","ConditionB_BATCH_2",0.432830067579775,"ConditionB","BATCH_2"
"443","Anserine","aminoacids related","ConditionA_BATCH_3",0.296791423191103,"CTRL","BATCH_3"
"444","Anserine","aminoacids related","ConditionB_BATCH_3",0.962003514546281,"ConditionB","BATCH_3"
"445","BABA","aminoacids related","ConditionA_BATCH_1",2.47517580300208,"CTRL","BATCH_1"
"446","BABA","aminoacids related","ConditionA_BATCH_2",4.84452811565787,"CTRL","BATCH_2"
"447","BABA","aminoacids related","ConditionB_BATCH_1",59.6439211067491,"ConditionB","BATCH_1"
"448","BABA","aminoacids related","ConditionB_BATCH_2",6.69691758306521,"ConditionB","BATCH_2"
"449","BABA","aminoacids related","ConditionA_BATCH_3",32.6726782481979,"CTRL","BATCH_3"
"450","BABA","aminoacids related","ConditionB_BATCH_3",0.413104187178438,"ConditionB","BATCH_3"
"451","Betaine","aminoacids related","ConditionA_BATCH_1",86.7606283554373,"CTRL","BATCH_1"
"452","Betaine","aminoacids related","ConditionA_BATCH_2",1.05416526008602,"CTRL","BATCH_2"
"453","Betaine","aminoacids related","ConditionB_BATCH_1",346.701264943531,"ConditionB","BATCH_1"
"454","Betaine","aminoacids related","ConditionB_BATCH_2",7.68169967169948,"ConditionB","BATCH_2"
"455","Betaine","aminoacids related","ConditionA_BATCH_3",35.0021829125257,"CTRL","BATCH_3"
"456","Betaine","aminoacids related","ConditionB_BATCH_3",0.52444847384599,"ConditionB","BATCH_3"
"457","c4-OH-Pro","aminoacids related","ConditionA_BATCH_1",86.7827925294138,"CTRL","BATCH_1"
"458","c4-OH-Pro","aminoacids related","ConditionA_BATCH_2",1.46454548789516,"CTRL","BATCH_2"
"459","c4-OH-Pro","aminoacids related","ConditionB_BATCH_1",359.272895711575,"ConditionB","BATCH_1"
"460","c4-OH-Pro","aminoacids related","ConditionB_BATCH_2",10.2170669785934,"ConditionB","BATCH_2"
"461","c4-OH-Pro","aminoacids related","ConditionA_BATCH_3",630.902467310716,"CTRL","BATCH_3"
"462","c4-OH-Pro","aminoacids related","ConditionB_BATCH_3",333.727396712466,"ConditionB","BATCH_3"
"463","Carnosine","aminoacids related","ConditionA_BATCH_1",34.0537508317525,"CTRL","BATCH_1"
"464","Carnosine","aminoacids related","ConditionA_BATCH_2",243.713792855825,"CTRL","BATCH_2"
"465","Carnosine","aminoacids related","ConditionB_BATCH_1",3.53834642309671,"ConditionB","BATCH_1"
"466","Carnosine","aminoacids related","ConditionB_BATCH_2",0.34121638153672,"ConditionB","BATCH_2"
"467","Carnosine","aminoacids related","ConditionA_BATCH_3",0.426156539110409,"CTRL","BATCH_3"
"468","Carnosine","aminoacids related","ConditionB_BATCH_3",6.83723472636948,"ConditionB","BATCH_3"
"469","Cit","aminoacids related","ConditionA_BATCH_1",2.02207670824855,"CTRL","BATCH_1"
"470","Cit","aminoacids related","ConditionA_BATCH_2",10.3788546898346,"CTRL","BATCH_2"
"471","Cit","aminoacids related","ConditionB_BATCH_1",0.351414453690452,"ConditionB","BATCH_1"
"472","Cit","aminoacids related","ConditionB_BATCH_2",13.6640138653081,"ConditionB","BATCH_2"
"473","Cit","aminoacids related","ConditionA_BATCH_3",0.402108140881608,"CTRL","BATCH_3"
"474","Cit","aminoacids related","ConditionB_BATCH_3",0.289246101625565,"ConditionB","BATCH_3"
"475","Creatinine","aminoacids related","ConditionA_BATCH_1",47.6497518359308,"CTRL","BATCH_1"
"476","Creatinine","aminoacids related","ConditionA_BATCH_2",83.6077898809753,"CTRL","BATCH_2"
"477","Creatinine","aminoacids related","ConditionB_BATCH_1",0.274042320532868,"ConditionB","BATCH_1"
"478","Creatinine","aminoacids related","ConditionB_BATCH_2",654.705533320763,"ConditionB","BATCH_2"
"479","Creatinine","aminoacids related","ConditionA_BATCH_3",281.41580092942,"CTRL","BATCH_3"
"480","Creatinine","aminoacids related","ConditionB_BATCH_3",15.4564019520357,"ConditionB","BATCH_3"
